,title,company,salary,summary,location,link
0,Blockchain Developer,5ivetech,,"Computer Science or a degree in a related field.
 Advanced proficiency in programming languages, such as C++, Java, SOLIDITY.",London,https://uk.indeed.com/rc/clk?jk=7ea914625816b5b1&fccid=471aa8a3dc369116&vjs=3
1,C# Developer with Blockchain Experience,5ivetech,£450 - £650 a week,Net Engineers with no payment systems experience are welcomed to apply as long as C# Developers have blockchain experience.,London,https://uk.indeed.com/rc/clk?jk=dbbe3f615507fb4a&fccid=471aa8a3dc369116&vjs=3
2,newBlockchain Software Engineer - CIB Markets,"JPMorgan Chase Bank, N.A.",,"Understanding of cryptographic protocols and blockchain implementations.
Work within a team with decades of Markets experience, looking to transform the…",London,https://uk.indeed.com/rc/clk?jk=47b8a158ed0b1b59&fccid=aaf3b433897ea465&vjs=3
3,Software Developer Apprenticeship Level 4,Accurx Limited,,"Software developers are the creative minds behind computer programs.
Monday to Friday Flexible working including core hours (between 9am -5pm) and up to 2 days…",London N1 5AA,https://uk.indeed.com/rc/clk?jk=f86109884aed1f1b&fccid=a800edb8a12e7c58&vjs=3
4,"Consultant- Senior Consultant, Full Stack Developer, Deloitt...",Deloitte,,"Including: customer and channel strategy, customer experience design, designing new service capabilities and operations, mobile, online and contact centre…",London,https://uk.indeed.com/rc/clk?jk=afa11b6b45a8ec09&fccid=9e215d88a6b33622&vjs=3
5,Blockchain Senior Backend Developer (Golang) - Remote,"HAL Collective, Inc","£110,000 a year","Previous retreats include Sardinia (Italy) and Lisbon (Portugal).
Candidates in EU time zones are preferred.
Experience with crypto - DeFi, NFTs, DAOs...",London•Remote,"https://uk.indeed.com/company/HAL-Collective,-Inc/jobs/Blockchain-Senior-Backend-Developer-39a08f7281250045?fccid=734623aba8b7a021&vjs=3"
6,Blockchain Engineer,Fidelity International,,"Have at least 2-3 years of experience as a blockchain developer.
Knowledge of cryptography and blockchain protocols especially Ethereum.",Tadworth,https://uk.indeed.com/rc/clk?jk=bbbc148ec9fd4c4a&fccid=b968b58ad5fb8d16&vjs=3
7,Blockchain Engineeer - R&D,Halian,,"Our client is used by exchanges, custodians, enterprises, financial institutions and 10k+ developers to connect commercial stakeholders to blockchains.",London,https://uk.indeed.com/rc/clk?jk=28c9f37434ddff90&fccid=36028905bb7e7da7&vjs=3
8,newBackend Developer,Vector Recruitment Limited,"£40,000 - £60,000 a year",Help scale microservices to millions of users and secure backend services and blockchains against a range of attack vector.,London,https://uk.indeed.com/rc/clk?jk=920b561809e0e476&fccid=71e95318118dad97&vjs=3
9,Developer Advocate,IBM,,"To think along with clients and sell.
The main objective of an SDR is to qualify and move leads into the sales funnel by setting up demos for our Account…",London,https://uk.indeed.com/rc/clk?jk=1281bfce30d0e24b&fccid=de71a49b535e21cb&vjs=3
10,"Consultant - Senior Consultant, Scala Developer, Public Sect...",Deloitte,,"Including: customer and channel strategy, customer experience design, designing new service capabilities and operations, mobile, online and contact centre…",London,https://uk.indeed.com/rc/clk?jk=89b96b5e71b5b21b&fccid=9e215d88a6b33622&vjs=3
11,newPancakeSwap - Blockchain Front-end developer - Remote,Pancakeswap,"£120,000 - £160,000 a year","Design, scope, and estimate complex frontend products/upgrades.
Envision and develop features to help grow PancakeSwap.
Solid experience in React JS.",London•Remote,https://uk.indeed.com/company/Pancakeswap/jobs/-511d105fa4001438?fccid=734623aba8b7a021&vjs=3
12,"Consultant,Senior Consultant, Manager, Java Developer, Deloi...",Deloitte,,"Including: customer and channel strategy, customer experience design, designing new service capabilities and operations, mobile, online and contact centre…",London,https://uk.indeed.com/rc/clk?jk=0b0010b9ca40cc93&fccid=9e215d88a6b33622&vjs=3
13,newFull Stack Developer – Blockchain,Vector Recruitment Limited,"£40,000 - £60,000 a year",Youll be designing and building features that will enable a new generation of customers to engage with media in a novel way.,London•Remote,https://uk.indeed.com/rc/clk?jk=5f17ff6d25c09d8c&fccid=71e95318118dad97&vjs=3
14,newGames Developer Blockchain Unity C#,Client Server,"£30,000 - £40,000 a year",Well-funded start-up is seeking a talented Games Developer to join their close-knit team where you'll be responsible for designing and developing high quality…,London,https://uk.indeed.com/rc/clk?jk=a5d821ad444dcd48&fccid=892c145157842ceb&vjs=3
15,Senior Frontend Developer,Citi,,"As a senior developer you will set the example for others to follow; you will mentor colleague on patterns, best practices and techniques.",London,https://uk.indeed.com/rc/clk?jk=e330eccd81fc94ea&fccid=5bcd1ef0a7f4fb99&vjs=3
16,Full Stack Developer,Nuggets,,"Working alongside our other engineers and developers, you’ll be responsible for the technical architecture, product development cycle, which includes support…",London•Remote,https://uk.indeed.com/rc/clk?jk=e7fbeba80a0b5993&fccid=fb6518f331b492a2&vjs=3
17,newC++ Developer / Engineer Blockchain - FinTech,Client Server,"£85,000 - £100,000 a year","You have an interest in Web3, crypto / blockchain technology.
As a C++ Developer you will design and develop new features and enhancements for the core platform…",London,https://uk.indeed.com/rc/clk?jk=3fa95878c18a0597&fccid=892c145157842ceb&vjs=3
18,8 x Blockchain Developers | Golang / Rust | 100% Remote,Trust In Soda,£500 - £640 a day,"Research and spec out ideas for innovative blockchain applications.
Experience developing, deploying and maintaining blockchain nodes huge plus!",London•Remote,https://uk.indeed.com/rc/clk?jk=3c2c3312c5f5987c&fccid=3ae767ecf847a5c1&vjs=3
19,Senior Quality Engineer - (Blockchain),The Workshop,,"Collaborate with developers, analysts, and managers to improve the quality of the delivery both in terms of functional and non-functional requirements.",London W1F 7TF,https://uk.indeed.com/rc/clk?jk=59abee6e0532a497&fccid=8bedc9fab85623ce&vjs=3
20,Salesforce Developer,IBM,,"Proficient with the Salesforce developer user interface and programming IDEs such as Visual Studio.
IBM has embarked on a major internal sales transformation…",London,https://uk.indeed.com/rc/clk?jk=f1763f15d34cb9f4&fccid=de71a49b535e21cb&vjs=3
21,Build Blockchain Products in Scala,Linux Recruit,"£45,000 - £85,000 a year",Scala and Functional Programmers - Here is a chance to join one of the most exciting Blockchain startups in Central London. You will work on building real…,London,https://uk.indeed.com/rc/clk?jk=c4109d5c2f9ad3b5&fccid=c7414b794cb89c1c&vjs=3
22,DEVELOPER,United Vanning,,Creating solution proposals and new architectures that will evolve or transform our clients’ IT landscapes and deliver true business value.,Staines-upon-Thames,https://uk.indeed.com/rc/clk?jk=7e495fb368e6d5ef&fccid=e5fdf6e4929f34fd&vjs=3
23,"Senior Software Developer, Ventures Engineering, Digital Fin...",Deloitte,,Introducing KYC Flow: Product Factory’s technology to help streamline and scale KYC (Know Your Customer) operations.,London•Temporarily Remote,https://uk.indeed.com/rc/clk?jk=912a023e6ecdbe05&fccid=9e215d88a6b33622&vjs=3
24,Flutter Engineer- Remote - Blockchain sector,MobileCoin,"£160,000 - £210,000 a year","Comp: Base $160k - $210k (dependent on level of experience / suitability) + attractive equity + excellent benefits.
Design, develop, and test new APIs.",London+1 location•Remote,https://uk.indeed.com/company/MobileCoin/jobs/Flutter-Engineer-a16cdf142896d16f?fccid=734623aba8b7a021&vjs=3
25,Scala Engineer - Blockchain,Linux Recruit,"£55,000 - £90,000 a year","You will work on building real and tangible Blockchain and Ethereum products with Scala, Akka, Cats and AWS.",London,https://uk.indeed.com/rc/clk?jk=9295ad6ad322b0a0&fccid=c7414b794cb89c1c&vjs=3
26,Senior Ruby Developer,Koinly,,"4+ years experience as a ruby or full-stack developer.
We are looking for a Lead Ruby developer with at least 4 years of experience to join and lead our Backend…",London SW1A 2DX•Remote,https://uk.indeed.com/rc/clk?jk=278b6e8e40752a96&fccid=d043573077c07e18&vjs=3
27,Senior Software Engineer - Full Stack,Visa,,"We are looking for passionate and hands-on senior software engineers with a passion to build innovative products.
Masters degree or work experience equivelanrt.",London,https://uk.indeed.com/rc/clk?jk=f6ad9012f371c8ff&fccid=a3f737e511d9fc8c&vjs=3
28,"Full Stack Software Engineer, Deloitte Ventures, Financial A...",Deloitte,,Product Factory harnesses ground-breaking technology and the latest programming techniques to solve our clients' most complex and immediate issues.,London,https://uk.indeed.com/rc/clk?jk=f9d59423caf4ba2d&fccid=9e215d88a6b33622&vjs=3
29,Back End Developer,Consortia,"£70,000 - £90,000 a year","Strong understanding of server-side JavaScript development.
Experience of services from AWS.
Some front end development experience would be a bonus.",London•Temporarily Remote,https://uk.indeed.com/rc/clk?jk=82f1afc40fdb604a&fccid=04f36097f3ddf22e&vjs=3
30,Full Stack Developer - FULLY REMOTE,GCS Recruitment Specialists Ltd,,Utilising maninly React and Node.,London•Remote,https://uk.indeed.com/rc/clk?jk=e613de8dc9db171c&fccid=9edab1e8e49ca60f&vjs=3
31,Senior Software Developer,SoCode,£500 - £800 a day,"Prior experience working with blockchain.
SoCode are recruiting for a team of Contract Software Engineers with Golang Experience for our Exclusive Client - a…",Greater London,https://uk.indeed.com/rc/clk?jk=7b7c8abf3ea26806&fccid=8f35589a37e69470&vjs=3
32,Full Stack Developer,Consortia,"£60,000 - £80,000 a year","Strong understanding of server-side JavaScript development.
Experience of services from AWS.
Some front end development experience.",London•Temporarily Remote,https://uk.indeed.com/rc/clk?jk=ff96835af7661847&fccid=04f36097f3ddf22e&vjs=3
33,Java Developer,Consortia,"£60,000 - £75,000 a year","Extensive Java experience with an interest in learning Kotlin (no previous Kotlin experience is required).
Experience of coding against REST APIs.",London,https://uk.indeed.com/rc/clk?jk=4e115cb23f61e81d&fccid=04f36097f3ddf22e&vjs=3
34,Technical Lead / Lead Developer,IBM,,"As such, you should be willing to mentor junior developers, as well as helping to co-ordinate the efforts of other developers within the project team.",London,https://uk.indeed.com/rc/clk?jk=d75ac3780f8a4ec0&fccid=de71a49b535e21cb&vjs=3
35,Software Engineer - iOS/Android,Visa,,"We are looking for hands-on software engineers with a passion to build innovative products.
This role requires quick problem solving skills, logical thinking,…",London,https://uk.indeed.com/rc/clk?jk=e838ef137527354a&fccid=a3f737e511d9fc8c&vjs=3
36,"Consultant - Senior Consultant, Java Developer, Deloitte Dig...",Deloitte,,"Including: customer and channel strategy, customer experience design, designing new service capabilities and operations, mobile, online and contact centre…",London,https://uk.indeed.com/rc/clk?jk=6e7210db104fd633&fccid=9e215d88a6b33622&vjs=3
37,Back-End Engineer,Consortia,"£70,000 - £80,000 a year","Prior knowledge of blockchain development (more specifically Ethereum) and the.
You will also assist in improving tools to install, display and maintain a…",London,https://uk.indeed.com/rc/clk?jk=bdb8b4392d4228dc&fccid=04f36097f3ddf22e&vjs=3
38,SENIOR DEVELOPER,United Vanning,,Creating solution proposals and new architectures that will evolve or transform our clients’ IT landscapes and deliver true business value.,Staines-upon-Thames,https://uk.indeed.com/rc/clk?jk=272c68ef374fcf98&fccid=e5fdf6e4929f34fd&vjs=3
39,Games Developer - Blockchain NFT,Client Server,"£30,000 - £40,000 a year",Well-funded start-up is seeking a talented Games Developer to join their close-knit team where you'll be responsible for designing and developing high quality…,London,https://uk.indeed.com/rc/clk?jk=5beda93a225ed154&fccid=892c145157842ceb&vjs=3
40,TypeScript/React Developer - Blockchain,Searchability,"£90,000 a year","BRAND NEW PERMANENT JOB OPPORTUNITY WITH A LONDON START-UP THAT HAVE JUST RECEIVED SERIES A FUNDING.
Start-up backed by successful Blockchain entrepeneurs.",London,https://uk.indeed.com/rc/clk?jk=22a567f55783bbbe&fccid=2c97f9555235f285&vjs=3
41,Python Developer,Linux Recruit,"£55,000 - £75,000 a year",They are 2 years into this 5 year project and looking for a Python Developer to join and help on this journey.,London,https://uk.indeed.com/rc/clk?jk=49fe1966175cd18e&fccid=c7414b794cb89c1c&vjs=3
42,"Consultant - Senior Consultant, Java/ Python Developer, Publ...",Deloitte,,"Including: customer and channel strategy, customer experience design, designing new service capabilities and operations, mobile, online and contact centre…",London,https://uk.indeed.com/rc/clk?jk=51ac523cfeacfaa4&fccid=9e215d88a6b33622&vjs=3
43,Senior Salesforce Developer,IBM,,"IBM has embarked on a major internal sales transformation program, partnering with Salesforce to rethink its sales processes for its sellers, sales managers,…",London,https://uk.indeed.com/rc/clk?jk=8f9c3176ba51d445&fccid=de71a49b535e21cb&vjs=3
44,Fully Remote Ruby on Rails Developer Role - Fintech,GCS Recruitment Specialists Ltd,"£45,000 - £95,000 a year","Fully Remote or London based.
You have a growth mindset and constantly seek to understand blind spots and challenges - whether it's a customer's unique need or…",London•Remote,https://uk.indeed.com/rc/clk?jk=9bf20362e8a7fd1e&fccid=9edab1e8e49ca60f&vjs=3
45,"Consultant - Senior Consultant, Full Stack Developer, Public...",Deloitte,,"Including: customer and channel strategy, customer experience design, designing new service capabilities and operations, mobile, online and contact centre…",London,https://uk.indeed.com/rc/clk?jk=29cb6dd2d91a8766&fccid=9e215d88a6b33622&vjs=3
46,SDK Software Engineer,Ledger,,"Foster our developer community by participating and animating Ledger external developer community.
Curious to learn how blockchain works under the hood and…",London,https://uk.indeed.com/rc/clk?jk=9f213064136d5190&fccid=f4ec96da440899f2&vjs=3
47,"Manager, Java Developer, Deloitte Digital, Consulting, Londo...",Deloitte,,"Including: customer and channel strategy, customer experience design, designing new service capabilities and operations, mobile, online and contact centre…",London,https://uk.indeed.com/rc/clk?jk=e3ceb9489cc14dc4&fccid=9e215d88a6b33622&vjs=3
48,Senior Software Engineer (Fully Remote),La Fosse Associates,"£70,000 - £95,000 a year","This is an extremely secure blockchain, one of the most resilient in the market and requires no on chain governance.
£70000 - £95000 per annum + Company Equity.",London•Remote,https://uk.indeed.com/rc/clk?jk=4a8d7c02bab960fb&fccid=eef0ccdb6f0c00eb&vjs=3
49,Microsoft Dynamics Developer IBM CIC,IBM,,"Keeping abreast of the latest cloud technologies and sharing knowledge of tools and techniques with the wider team, both developers and non-developers.",London,https://uk.indeed.com/rc/clk?jk=5e247c2d8e0bd6a3&fccid=de71a49b535e21cb&vjs=3
50,Software Developer in Test (Trading / Remote),SoCode,£400 - £700 a day,"Contracts will be offered for 12 months at a Competitive rate and OUTSIDE of IR35.
Trading/Financial Market Experience (Essential).",London•Temporarily Remote,https://uk.indeed.com/rc/clk?jk=6e4c7c58faa7da0d&fccid=8f35589a37e69470&vjs=3
51,Cloud Architect - IBM Garage for Cloud - UK,IBM,,"IBM Cloud is trailblazing new technology platform and services, DevOps, business models, developer outreach, and with the creation of the Garage - a new type of…",London,https://uk.indeed.com/rc/clk?jk=57520c46c919a8bb&fccid=de71a49b535e21cb&vjs=3
52,Application Architect,IBM,,You will define the scope and vision for projects that deliver customized solutions using your knowledge of IBM platforms.,London,https://uk.indeed.com/rc/clk?jk=561ae196ee0f240e&fccid=de71a49b535e21cb&vjs=3
53,"Senior Software Engineer, DevOps (Liquidity)",Ripple,,"These solutions will include developer infrastructure, capacity & load testing, CI/CD infrastructure and release process automation.",London,https://uk.indeed.com/rc/clk?jk=60c1359b81f4b813&fccid=5831e1f260dfbb85&vjs=3
54,"ReactJS Developers, Lead Developers and Team Leads",Accenture,,"Provide technical leadership to onshore and offshore developer team members on client projects.
Locations: London (must be willing to be based at and travel to…",London,https://uk.indeed.com/rc/clk?jk=1d083fbb950180ed&fccid=a4e4e2eaf26690c9&vjs=3
55,Lead Ruby Developer,Searchability,"£100,000 a year","Remote-first with ad hoc trips into our London office.
Salary up to £100K + remote working allowance, learning budget, pension, mental health days & support,…",London,https://uk.indeed.com/rc/clk?jk=f41d31d97c00dfdf&fccid=2c97f9555235f285&vjs=3
56,Python SDET,SoCode,£450 - £600 a day,Our client has entered an exciting phase of their development - raising £40m through a Token sale and will now be looking to significantly grow the Engineering…,London,https://uk.indeed.com/rc/clk?jk=ba81727079cfecb8&fccid=8f35589a37e69470&vjs=3
57,Lead Java Developer,GFT Technologies SE,,"Other sectors, such as industry and insurance, also leverage GFT’s strong consulting and implementation skills across all aspects of pioneering technologies,…",London EC2N,https://uk.indeed.com/rc/clk?jk=da6e287862d67fcb&fccid=9c7e8e5419364b6c&vjs=3
58,Senior Java Developer,GFT Technologies SE,,"Other sectors, such as industry and insurance, also leverage GFT’s strong consulting and implementation skills across all aspects of pioneering technologies,…",London EC4N 7BL,https://uk.indeed.com/rc/clk?jk=f1830cd7e4d36025&fccid=9c7e8e5419364b6c&vjs=3
59,Python Automation QA Engineer - Trading/Finance Experience,SoCode,£500 - £600 a day,Our client has entered an exciting phase of their development - raising £40m through a Token sale and will now be looking to significantly grow the Engineering…,London,https://uk.indeed.com/rc/clk?jk=9efb37394330a73e&fccid=8f35589a37e69470&vjs=3
60,"Senior Software Engineer, Crypto, Trading, Remote",SoCode,"£100,000 - £200,000 a year","Understanding of financial markets or open source blockchain.
Understanding of financial markets or open source blockchain.",London•Remote,https://uk.indeed.com/rc/clk?jk=646779ee4aa40469&fccid=8f35589a37e69470&vjs=3
61,Full Stack JavaScript Developer (React/Node),Linux Recruit,"£60,000 - £90,000 a year","Key tech is ""full stack JavaScript"" meaning you'll be using mainly React and Node with micro-services.
From time to time there may also be use of TypeScript and…",London,https://uk.indeed.com/rc/clk?jk=cd891bbc0c1fc3ce&fccid=c7414b794cb89c1c&vjs=3
62,Software Engineer - Backend,Visa,,"We are looking for hands-on software engineers with a passion to build innovative products.
This role requires quick problem solving skills, logical thinking,…",London,https://uk.indeed.com/rc/clk?jk=5cd5ca96b58ec0b3&fccid=a3f737e511d9fc8c&vjs=3
63,"Solution Architect, Deloitte Ventures, Financial Advisory, L...",Deloitte,,"From product to full stack developers and data scientists, these venture builders all share a passion for innovative and emerging digital solutions.",London,https://uk.indeed.com/rc/clk?jk=1cdbd564ae1bbb8c&fccid=9e215d88a6b33622&vjs=3
64,Senior Engineer (C++ / TypeScript) - Blockchain,Searchability,"£100,000 a year","FULL STACK DEVELOPER (C++ / TYPESCRIPT) - BLOCKCHAIN.
BRAND NEW PERMANENT JOB OPPORTUNITY WITH A LONDON START-UP THAT HAVE JUST RECEIVED SERIES A FUNDING.",London,https://uk.indeed.com/rc/clk?jk=e802516771681aa3&fccid=2c97f9555235f285&vjs=3
65,Fully Remote React Developer Role - Fintech,GCS Recruitment Specialists Ltd,"£45,000 - £95,000 a year","Fully Remote or London based.
You have a growth mindset and constantly seek to understand blind spots and challenges - whether it's a customer's unique need or…",London•Remote,https://uk.indeed.com/rc/clk?jk=6fb0b9ac307611e5&fccid=9edab1e8e49ca60f&vjs=3
66,Data Engineer IBM CIC,IBM,,"The Data Engineer will work with our software developers, database architects, data analysts and data scientists on data initiatives.",London,https://uk.indeed.com/rc/clk?jk=053e2eea8251419d&fccid=de71a49b535e21cb&vjs=3
67,Senior Software Engineer - Payment Systems,IBM,,"Deep experience leading squads of 5-10 developers in an Agile DevOps environment.
Work closely with Architects, Product Managers and other developers to design,…",London,https://uk.indeed.com/rc/clk?jk=d5954b13215fe63c&fccid=de71a49b535e21cb&vjs=3
68,Mobile Software Engineer - iOS & Android,Visa,,"We are looking for hands-on software engineers with a passion to build innovative products.
This role requires quick problem solving skills, logical thinking,…",London,https://uk.indeed.com/rc/clk?jk=1ad3fe426af9414b&fccid=a3f737e511d9fc8c&vjs=3
69,Lead DevOp,Linux Recruit,"£75,000 - £85,000 a year","San Francisco start up they said, free breakfast, lunch, dinner with beers every night.
All this while still having the time to tuck in their children at night,…",London,https://uk.indeed.com/rc/clk?jk=5debe6fcba8908b7&fccid=c7414b794cb89c1c&vjs=3
70,Senior Scala Backend Engineer,Linux Recruit,"£70,000 - £95,000 a year",Sports fans wanted! This is an opportunity to join a highly successful and heavily backed startup who provide a product which brings sports fans together.…,London,https://uk.indeed.com/rc/clk?jk=09f8a9618db04c59&fccid=c7414b794cb89c1c&vjs=3
71,Lead Scala Developer,Searchability,"£100,000 a year","Remote-first with ad hoc trips into our London office.
Salary up to £100K + remote working allowance, learning budget, pension, mental health days & support,…",London,https://uk.indeed.com/rc/clk?jk=beed2a60823a500c&fccid=2c97f9555235f285&vjs=3
72,DevOps / Build Engineer,Linux Recruit,"£65,000 - £75,000 a year","The ideal candidate will come from a Linux background and also have expertise with several development languages - Python, Java, Javascript (node.js), Ruby etc …",London,https://uk.indeed.com/rc/clk?jk=56b3b5455762250f&fccid=c7414b794cb89c1c&vjs=3
73,Infrastructure DevOps Engineer,TechNET IT Recruitment Ltd,"£95,000 a year","Understanding and experience of blockchain infrastructure.
Building and maintaining infrastructure for its own fleet of blockchain nodes (>25 layer 1 protocols…",London,https://uk.indeed.com/rc/clk?jk=385927c63c09563d&fccid=02f4c7867f34a46a&vjs=3
74,Senior DevOps Engineer,Linux Recruit,"£60,000 - £70,000 a year","You'll be working in what could be described as a full stack team side by side with the Developers in a fully collaborative state, scaling and automating their…",London,https://uk.indeed.com/rc/clk?jk=17e6068f1ccf661b&fccid=c7414b794cb89c1c&vjs=3
75,Software Development Manager - Payment Systems,IBM,,"Hiring and people management of a department of software developers and technical staff.
Proven management experience in a software product development…",London,https://uk.indeed.com/rc/clk?jk=e45c3d3e508c12b5&fccid=de71a49b535e21cb&vjs=3
76,newSenior Consultant - Dev Ops Lead - Insurance Technology - Lo...,EY,,Our UK Insurance Technology practice empowers some of the biggest Insurance clients to solve their most complex business problems and transform their…,London E14 5EY,https://uk.indeed.com/rc/clk?jk=c19857be51956450&fccid=1544766d4c2915b0&vjs=3
77,Senior Software Test Engineer - Payment Systems,IBM,,"Definitivef experience as a software tester or full stack developer with a focus on strong interest in software quality.
To think along with clients and sell.",London,https://uk.indeed.com/rc/clk?jk=ed233b87d1b5942a&fccid=de71a49b535e21cb&vjs=3
78,Backend Developer,Compound Technologies Ltd,"£36,500 - £182,500 a year","We need a smart contract developer on Cardano, ADA.
A tool that allows the Cardano community to interact with their NFTs in a way not seen before.",London•Remote,https://uk.indeed.com/company/Compound-Technologies-Ltd/jobs/Backend-Developer-ce6bbe5fe5d1abef?fccid=36fd1b0c7b7f7308&vjs=3
79,Blockchain Developer,EQONEX,,"Digivault is a digital asset custody business, forming part of the Eqonex Group.
The team is highly experienced with backgrounds encompassing highly secure…",London,https://uk.indeed.com/rc/clk?jk=a7fa58e06b97c5cc&fccid=03a532a1d64bf128&vjs=3
80,Developer Backend (Blockchain integration),LATOKEN,,"And help other developers to locate the problem in their code.
Research : Take time to research and then teach / explain / demonstrate to your team and other…",London•Remote,https://uk.indeed.com/rc/clk?jk=2dbc0a45bf241a25&fccid=9c73e4076812680c&vjs=3
81,Blockchain/Solidity Developer (Codefi),Consensys,,"2+ years of as front-end or fullstack or backend developer (React, Node.js, ideally Typescript).
3+ years of experience as a Software Engineer.",London•Remote,https://uk.indeed.com/rc/clk?jk=59720836af0797d3&fccid=c3c98aa2beea188e&vjs=3
82,KYC Developer,LATOKEN,,"LATOKEN needs bug-free KYC service to comply with payments providers and isolate users from prohibited countries from trading.
Python, ML, DL, REST API.",London•Remote,https://uk.indeed.com/rc/clk?jk=4ece2b6d5c24c5d7&fccid=9c73e4076812680c&vjs=3
83,Blockchain Developer,Ajith Consulting,,"Collaborate with team and other developers to achieve outstanding results.
Working knowledge in application development, preferably on emerging platforms and…",London NW10 7FQ,https://uk.indeed.com/rc/clk?jk=73143ab4ab700ccf&fccid=45348ac22f4ca991&vjs=3
84,"Blockchain Core Developer - Golang, Ethereum",Clearmatics,,"Experience developing on a blockchain node client (preferably Ethereum-like).
Our compensation is _blockchain competitive_ and dependent on your skills &…",London,https://uk.indeed.com/company/Clearmatics/jobs/Blockchain-Core-Developer-e644a3631b25b917?fccid=2f23df39993bb616&vjs=3
85,Quantitative Developer,Blockchain.com,,They will collaborate closely with the trading operations team and engineers to validate and develop quantitative strategies.,London,https://uk.indeed.com/rc/clk?jk=5338f2ad282f88a6&fccid=f644de6d72c7ed45&vjs=3
86,Developer Backend (Payment services),LATOKEN,,"And help other developers to locate the problem in their code.
Research : Take time to research and then teach / explain / demonstrate to your team and other…",London•Remote,https://uk.indeed.com/rc/clk?jk=b837b0e2a4200a07&fccid=9c73e4076812680c&vjs=3
87,Senior Rust Developer (Blockchain),Blockchain Headhunter,"£120,000 - £160,000 a year","Regular time to improve your coding and blockchain knowledge.
Several years of professional experience in software & blockchain engineering, OR.",East London E1 6AN•Remote,https://uk.indeed.com/company/Blockchain-Headhunter/jobs/Senior-Rust-Developer-09be73a6650c350c?fccid=0983163b6b5d1d02&vjs=3
88,Head of Blockchain Infrastructure- Proof-of-Stake BFT Protoc...,Clearmatics,,"Work with various teams and the wider community to engage with new trends and opportunities revealed by internal data, blockchain research and the wider…",London,https://uk.indeed.com/company/Clearmatics/jobs/Head-Blockchain-Infrastructure-a9973bad5d6f56ed?fccid=2f23df39993bb616&vjs=3
89,Product Lead (Crystal Blockchain),Bitfury,,"Experience in the crypto industry and/or understanding of blockchain data.
Deep collaboration with developers and designers to build, develop, and execute on a…",London,https://uk.indeed.com/rc/clk?jk=f64766b012de6f2d&fccid=4927423575e88769&vjs=3
90,Blockchain Developer,Cryptxyz,,A cryptocurrency start-up is urgently seeking an experienced blockchain developer.,London,https://uk.indeed.com/company/Cryptxyz/jobs/Blockchain-Developer-605b490c4750247c?fccid=7a629f4f2a14fecb&vjs=3
91,"Full Stack Developer (Node.JS, React.JS, Docker, Kubernetes)",Aubay UK,"£60,000 - £70,000 a year",Aubay is seeking a Full Stack Developer with 5+ years of experience to develop cutting-edge Blockchain software solutions for start-up and corporate clients.,London•Remote,https://uk.indeed.com/company/Aubay-UK/jobs/Full-Stack-Developer-58163c50ddf450cf?fccid=1c290716cf3be91d&vjs=3
92,Blockchain Protocol Engineer (EMEA),Consensys,,ConsenSys Quorum is an open source protocol layer that provides developers with the flexibility and reliability needed to make their blockchain applications…,London,https://uk.indeed.com/rc/clk?jk=5263edf2edd80564&fccid=c3c98aa2beea188e&vjs=3
93,"Lead Software Engineer - Blockchain, Golang",Clearmatics,,"Coach junior developers, lead code reviews and demonstrations.
Contributions to open source projects and especially in blockchain.",London,https://uk.indeed.com/company/Clearmatics/jobs/Lead-Software-Engineer-925ee32ba500c910?fccid=2f23df39993bb616&vjs=3
94,newFullStack Software Developer - Realtime Trading,MBR Partners,,"Understanding in implementing blockchain solutions;
Ideally you will have a minimum of 5 years experience of in developing scalable mission critical financial…",London,https://uk.indeed.com/rc/clk?jk=3f42d00312587ed2&fccid=c29cde9509ea6817&vjs=3
95,"Senior Backend Developer (Go, Solidity)",Crystal Blockchain Analytics,,The Senior backend developer will join a team of Blockchain developers working closely with the tech lead and product lead to design and implement a market…,London,https://uk.indeed.com/rc/clk?jk=e2ba03b9033c2ada&fccid=f9f7ff5590f9f7e8&vjs=3
96,Senior Python Engineer,Qredo,"Up to £90,000 a year","Build products that can interface with both 3rd party Python modules and Qredo’s core blockchain client (written in Golang).
Job Types: Full-time, Permanent.",London,https://uk.indeed.com/company/Qredo/jobs/Senior-Python-Engineer-c734f94c8db9108c?fccid=e7207817da2dbf03&vjs=3
97,"Senior Backend Developer (Go, Solidity)",Bitfury,,The Senior backend developer will join a team of Blockchain developers working closely with the tech lead and product lead to design and implement a market…,London,https://uk.indeed.com/rc/clk?jk=b9218025471d6f93&fccid=4927423575e88769&vjs=3
98,Lead Software Engineer,Niomon Limited,"£50,000 - £90,000 a year",Niomon is challenging traditional and proprietary payment networks such as Visa and Mastercard with an open protocol that lowers the barriers to entry and…,London•Remote,https://uk.indeed.com/company/Niomon-Limited/jobs/Lead-Software-Engineer-b03314be1e1e40a9?fccid=3c9d04bc58b4213f&vjs=3
99,Senior DevOps Engineer (Docker),Aubay UK,"£50,000 - £80,000 a year","Checking and improving the developers local Docker Compose based builds.
Tech Stack You Will Be Working with *– Docker, CircleCI, Linux, GitLab, AWS, Azure…",London•Remote,https://uk.indeed.com/company/Aubay-UK/jobs/Senior-Devop-Engineer-4b1f187b208f22b3?fccid=1c290716cf3be91d&vjs=3
100,Remote Senior Full Stack Developer - Sustainability Fintech....,RecruitmentRevolution.com,"£65,000 - £85,000 a year","The role will suit candidates with a keen interest in technology and building meaningful products to improve the planet.
+ Experience working with rest APIs.",London•Remote,https://uk.indeed.com/rc/clk?jk=474a4968978f45be&fccid=af262cab8cc7f578&vjs=3
101,"QA Engineer (JavaScript, Node.JS, React, Playwright)",Aubay UK,"£40,000 - £60,000 a year","Aubay is seeking a mid-level QA developer to ramp up QA within an established development team.
Tech Stack You Will Be Working with *– *JS*, *NodeJS* backend + …",London•Remote,https://uk.indeed.com/company/Aubay-UK/jobs/QA-Engineer-b6a844af5be8de0d?fccid=1c290716cf3be91d&vjs=3
102,newSecurity Application Architect - BB/12/21,Hamilton Capital Holding,,"Ability to design complex technical solutions in an inclusive and participatory manner, to negotiate with and influence other design parties (business…",London,https://uk.indeed.com/company/Hamilton-Capital-Holding/jobs/Security-Application-Architect-b0b2d47d8fd0fad0?fccid=8ff28e72ca925e74&vjs=3
103,Golang Engineer (Infura),Consensys,,"Architect and design systems that provide reliable, scalable access to various blockchains and decentralized networks.",London,https://uk.indeed.com/rc/clk?jk=b330672c8e73a9d0&fccid=c3c98aa2beea188e&vjs=3
104,Head of Developer Success | Blockchain,Kandidate,,You understand the ins and outs of developer advocacy and how it fits into a broader platform strategy; You have experience in developer relations or a similar…,London,https://uk.indeed.com/rc/clk?jk=cfed2c9caf653dba&fccid=aaa1ce75facc133d&vjs=3
105,Backend Ruby Developer (remote),Versatile Staffing Solutions,"£55,000 - £75,000 a year",You feel comfortable tackling issues and enjoy designing and developing highly scalable systems and state-of-the-art features with highly maintainable code.,London•Remote,https://uk.indeed.com/company/Versatile-Staffing-Solutions/jobs/Backend-Ruby-Developer-7283c47f8be522ae?fccid=36aa919101d9d696&vjs=3
106,Senior Front-end Engineer (Codefi),Consensys,,"Experience in blockchain and building Dapps is a plus.
Data visualization and a fantastic data set to work on.
5+ years of experience building web applications.",London•Remote,https://uk.indeed.com/rc/clk?jk=f3e65a4f7dd018b1&fccid=c3c98aa2beea188e&vjs=3
107,"Frontend Developer - React, React Native, Web3",Hurren and Hope,"£70,000 - £90,000 a year","We are working with a FinTech who have developed a platform to make payments seamless and accessible to all across the cryptocurrency, blockchain, DeFi…",London,https://uk.indeed.com/rc/clk?jk=485dda0545181aee&fccid=adbb8f93e520f6b1&vjs=3
108,Lead DevOps Engineer (Codefi),ConsenSys (Remote),,"Codefi is the blockchain application suite powering commerce and finance, built to optimize business processes and digitize financial instruments.",London•Remote,https://uk.indeed.com/rc/clk?jk=e7578c7c5d1f9253&fccid=c3c98aa2beea188e&vjs=3
109,Senior Fullstack Developer - (Typescript/React),Archax,,"Understanding in implementing blockchain solutions;
The ideal applicant will bring previous experience of developing scalable mission critical financial systems…",London EC2N 1AR,https://uk.indeed.com/company/Archax/jobs/Senior-Fullstack-Developer-fc773752f34b86b7?fccid=1ce2307207ba67d2&vjs=3
110,Senior Full-Stack Developer,Elliptic,,"The team is responsible for the entirety of the Elliptic web platform, delivering value directly to our customers on a daily basis.",London,https://uk.indeed.com/rc/clk?jk=03ae44459e702b3b&fccid=cd25a2b1fe470676&vjs=3
111,Senior Software Engineer,Gemini,,"Experience working with or being a power user of Bitcoin, Ethereum, and/or blockchain technology.
Develop new products and product features on the Gemini…",London•Remote,https://uk.indeed.com/rc/clk?jk=32af1b0627ea9e3d&fccid=0da76a4c8a948e27&vjs=3
112,Java Software Engineer (Protocol Engineering),Consensys,,ConsenSys Quorum is an open source protocol layer that provides developers with the flexibility and reliability needed to make their blockchain applications…,London,https://uk.indeed.com/rc/clk?jk=b05bf65a51f9f090&fccid=c3c98aa2beea188e&vjs=3
113,Node.js Backend Engineer (Codefi),Consensys,,"Understanding of blockchain technology, especially Ethereum.
We are looking for backend Node.js developers with production applications experience.",London•Remote,https://uk.indeed.com/rc/clk?jk=83ee1054b7cbcc6a&fccid=c3c98aa2beea188e&vjs=3
114,Blockchain Architect/Head of Engineering,Bussr,,"Be actively involved in Nekla's strategic direction and all our corporate blockchain decisions.
S/He will be responsible for designing, implementing, and…",London,https://uk.indeed.com/rc/clk?jk=97f79acccd5beda0&fccid=dd616958bd9ddc12&vjs=3
115,Senior Fullstack Developer,Archax,,"Understanding in implementing blockchain solutions;
The ideal applicant will bring previous experience developing scalable mission-critical financial systems,…",London EC2N 1AR,https://uk.indeed.com/company/Archax/jobs/Senior-Fullstack-Developer-6c5348275f635412?fccid=1ce2307207ba67d2&vjs=3
116,Golang Backend Engineer (Codefi),Consensys,,"We are looking for backend Golang developers with production big data pipeline (ETL) experience.
Codefi Compliance are a set of backend data and compliance…",London,https://uk.indeed.com/rc/clk?jk=603a12103d81e445&fccid=c3c98aa2beea188e&vjs=3
117,(Senior) Java Developer (Price Page) - UK,Crypto.com,,"You like being part of a multicultural team.
Bachelor degree or above, major in computer science or related;
You value clean and simple coding principles, with…",London,https://uk.indeed.com/rc/clk?jk=33f1698e99c75fa8&fccid=18bfd14af40ab66a&vjs=3
118,Fullstack engineer (Codefi),Consensys,,"Understanding of blockchain technology, especially Ethereum.
4+ years of experience as a Software Engineer working on Enterprise-grade projects or startups.",London•Remote,https://uk.indeed.com/rc/clk?jk=73a33de50dfabd45&fccid=c3c98aa2beea188e&vjs=3
119,Head of Developer Success | Blockchain,Kandidate,,You understand the ins and outs of developer advocacy and how it fits into a broader platform strategy; You have experience in developer relations or a similar…,London,https://uk.indeed.com/rc/clk?jk=cfed2c9caf653dba&fccid=aaa1ce75facc133d&vjs=3
120,Backend Ruby Developer (remote),Versatile Staffing Solutions,"£55,000 - £75,000 a year",You feel comfortable tackling issues and enjoy designing and developing highly scalable systems and state-of-the-art features with highly maintainable code.,London•Remote,https://uk.indeed.com/company/Versatile-Staffing-Solutions/jobs/Backend-Ruby-Developer-7283c47f8be522ae?fccid=36aa919101d9d696&vjs=3
121,Senior Front-end Engineer (Codefi),Consensys,,"Experience in blockchain and building Dapps is a plus.
Data visualization and a fantastic data set to work on.
5+ years of experience building web applications.",London•Remote,https://uk.indeed.com/rc/clk?jk=f3e65a4f7dd018b1&fccid=c3c98aa2beea188e&vjs=3
122,"Frontend Developer - React, React Native, Web3",Hurren and Hope,"£70,000 - £90,000 a year","We are working with a FinTech who have developed a platform to make payments seamless and accessible to all across the cryptocurrency, blockchain, DeFi…",London,https://uk.indeed.com/rc/clk?jk=485dda0545181aee&fccid=adbb8f93e520f6b1&vjs=3
123,Lead DevOps Engineer (Codefi),ConsenSys (Remote),,"Codefi is the blockchain application suite powering commerce and finance, built to optimize business processes and digitize financial instruments.",London•Remote,https://uk.indeed.com/rc/clk?jk=e7578c7c5d1f9253&fccid=c3c98aa2beea188e&vjs=3
124,Senior Fullstack Developer - (Typescript/React),Archax,,"Understanding in implementing blockchain solutions;
The ideal applicant will bring previous experience of developing scalable mission critical financial systems…",London EC2N 1AR,https://uk.indeed.com/company/Archax/jobs/Senior-Fullstack-Developer-fc773752f34b86b7?fccid=1ce2307207ba67d2&vjs=3
125,Senior Full-Stack Developer,Elliptic,,"The team is responsible for the entirety of the Elliptic web platform, delivering value directly to our customers on a daily basis.",London,https://uk.indeed.com/rc/clk?jk=03ae44459e702b3b&fccid=cd25a2b1fe470676&vjs=3
126,Senior Software Engineer,Gemini,,"Experience working with or being a power user of Bitcoin, Ethereum, and/or blockchain technology.
Develop new products and product features on the Gemini…",London•Remote,https://uk.indeed.com/rc/clk?jk=32af1b0627ea9e3d&fccid=0da76a4c8a948e27&vjs=3
127,Java Software Engineer (Protocol Engineering),Consensys,,ConsenSys Quorum is an open source protocol layer that provides developers with the flexibility and reliability needed to make their blockchain applications…,London,https://uk.indeed.com/rc/clk?jk=b05bf65a51f9f090&fccid=c3c98aa2beea188e&vjs=3
128,Node.js Backend Engineer (Codefi),Consensys,,"Understanding of blockchain technology, especially Ethereum.
We are looking for backend Node.js developers with production applications experience.",London•Remote,https://uk.indeed.com/rc/clk?jk=83ee1054b7cbcc6a&fccid=c3c98aa2beea188e&vjs=3
129,Blockchain Architect/Head of Engineering,Bussr,,"Be actively involved in Nekla's strategic direction and all our corporate blockchain decisions.
S/He will be responsible for designing, implementing, and…",London,https://uk.indeed.com/rc/clk?jk=97f79acccd5beda0&fccid=dd616958bd9ddc12&vjs=3
130,Senior Fullstack Developer,Archax,,"Understanding in implementing blockchain solutions;
The ideal applicant will bring previous experience developing scalable mission-critical financial systems,…",London EC2N 1AR,https://uk.indeed.com/company/Archax/jobs/Senior-Fullstack-Developer-6c5348275f635412?fccid=1ce2307207ba67d2&vjs=3
131,Golang Backend Engineer (Codefi),Consensys,,"We are looking for backend Golang developers with production big data pipeline (ETL) experience.
Codefi Compliance are a set of backend data and compliance…",London,https://uk.indeed.com/rc/clk?jk=603a12103d81e445&fccid=c3c98aa2beea188e&vjs=3
132,(Senior) Java Developer (Price Page) - UK,Crypto.com,,"You like being part of a multicultural team.
Bachelor degree or above, major in computer science or related;
You value clean and simple coding principles, with…",London,https://uk.indeed.com/rc/clk?jk=33f1698e99c75fa8&fccid=18bfd14af40ab66a&vjs=3
133,Fullstack engineer (Codefi),Consensys,,"Understanding of blockchain technology, especially Ethereum.
4+ years of experience as a Software Engineer working on Enterprise-grade projects or startups.",London•Remote,https://uk.indeed.com/rc/clk?jk=73a33de50dfabd45&fccid=c3c98aa2beea188e&vjs=3
